{
  "predictions": "C:\\Users\\1\\Desktop\\Lan_Msc\\outputs\\baseline\\predictions_test.csv",
  "label_semantics": "Class 0 = pre-DBS; Class 1 = post-DBS label",
  "n": 1171,
  "n_bins": 10,
  "brier_score": 0.04023539343037628,
  "ece_class1_equal_width": 0.02305157028364492,
  "mean_p_class1": 0.4055611789732677,
  "observed_fraction_class1": 0.42356959863364646
}
