model_key,display_name,model,source,accuracy,auroc,auprc_class1,f1_class1,precision_class1,recall_class1,brier,ece_10bin,tn,fp,fn,tp,note
face2gene_amoe_final,ROI-AMoE,ROI-AMoE,outputs/advanced_models/face2gene_amoe_final,0.9846285226302306,0.9988500597371566,0.9985794772991492,0.9816326530612245,0.993801652892562,0.969758064516129,0.012246445099898499,0.01231858435468261,672,3,15,481,"retained residual ROI-AMoE configuration; uniform ROI gate, residual ROI fusion, no auxiliary losses, mild train-only augmentation"
small_cnn_existing,SmallCNN,Existing PyTorch SmallFaceCNN,outputs/model_comparison,0.9590093936806148,0.9897700119474314,0.9878562721149156,0.951219512195122,0.9590163934426228,0.9435483870967742,0.03119636007682,0.0122293917347703,655,20,28,468,previous completed model_comparison run
numpy_mlp_existing,MLP,Existing NumPy MLP baseline,outputs/baseline,0.9521776259607172,0.9824103942652332,0.976698847990224,0.9419087136929462,0.97008547008547,0.9153225806451613,0.0402353934303762,,661,14,42,454,previous completed baseline
resnet18,ResNet18,ResNet18 scratch 32x32,outputs/advanced_models,0.9342442356959864,0.9823327359617682,0.9729215791644308,0.9224572004028198,0.921529175050302,0.9233870967741936,0.0493358614386534,0.0294878346770747,636,39,38,458,new advanced model run
convnext_tiny,ConvNeXt-Tiny,ConvNeXt-Tiny scratch 32x32,outputs/advanced_models,0.8898377455166524,0.9560095579450416,0.9433185527942596,0.8679631525076765,0.8814968814968815,0.8548387096774194,0.0811603379658632,0.017568323567166,618,57,72,424,new advanced model run
logistic_regression_existing,Logistic Regression,Existing sklearn Logistic Regression,outputs/model_comparison,0.8795900939368061,0.9220639187574672,0.8902976929451106,0.8559754851889684,0.8674948240165632,0.844758064516129,0.0991267983085983,0.0685039847832389,611,64,77,419,previous completed model_comparison run
efficientnet_b0,EfficientNet-B0,EfficientNet-B0 scratch 32x32,outputs/advanced_models,0.8018787361229718,0.9075791517323776,0.8468240773749506,0.7321016166281755,0.8567567567567568,0.6391129032258065,0.1352377727180526,0.1092584055142968,622,53,179,317,new advanced model run
