model_key,display_name,n,bootstrap_resamples,bootstrap_seed,accuracy,accuracy_ci_low,accuracy_ci_high,auroc,auroc_ci_low,auroc_ci_high,auprc_class1,auprc_class1_ci_low,auprc_class1_ci_high,f1_class1,f1_class1_ci_low,f1_class1_ci_high
face2gene_amoe_final,Face2Brain-AMoE,1171,2000,20260611,0.9829205807002562,0.9743808710503843,0.9897523484201537,0.9988709677419355,0.9979142758918405,0.9995623510642289,0.9985574191540201,0.9973444525368731,0.9994108512086802,0.9796747967479674,0.9696969696969697,0.9879777483253359
small_cnn_existing,SmallCNN,1171,2000,20260611,0.9590093936806149,0.9470538001707942,0.9701110162254484,0.9897700119474313,0.9833415526450312,0.9945047814114232,0.987856272114916,0.9808612214312029,0.9930910405763702,0.9512195121951219,0.9367862429946071,0.9642501459214942
numpy_mlp_existing,MLP,1171,2000,20260611,0.9521776259607173,0.9393680614859095,0.964133219470538,0.982410394265233,0.9742601688344723,0.9891013047686138,0.9767312143919128,0.9645763829224183,0.9870083768175629,0.941908713692946,0.9261574545158534,0.9567839195979899
resnet18,ResNet18,1171,2000,20260611,0.9342442356959864,0.9197267292912041,0.9479077711357814,0.9823327359617682,0.9757280347284085,0.9881377589703073,0.9729215791644301,0.958378628629848,0.9842895189434764,0.9224572004028198,0.9038071770362884,0.9390631174099733
convnext_tiny,ConvNeXt-Tiny,1171,2000,20260611,0.8898377455166524,0.8719043552519214,0.9077711357813835,0.9560095579450418,0.9449343084918285,0.9661068679941374,0.943318552794259,0.9262616258812466,0.9581468801982963,0.8679631525076765,0.8445378151260504,0.890208312788929
logistic_regression_existing,Logistic Regression,1171,2000,20260611,0.8795900939368061,0.860802732707088,0.8966908625106745,0.9220639187574672,0.9045670286203865,0.9380976811784246,0.8902976929451109,0.8569874480705739,0.9195951982094066,0.8559754851889684,0.8311675018942164,0.8789069016622975
efficientnet_b0,EfficientNet-B0,1171,2000,20260611,0.8018787361229718,0.7788215200683177,0.8240819812126388,0.9075791517323776,0.8905089648029675,0.9232924619687347,0.8468240773749509,0.8102312578403476,0.8819525676883874,0.7321016166281755,0.6981104361128971,0.7653786260003629
