{
  "upper_brow_forehead": {
    "n": 1171,
    "class_counts": {
      "0": 675,
      "1": 496
    },
    "majority_baseline_accuracy": 0.5764304013663536,
    "accuracy": 0.5824081981212639,
    "balanced_accuracy": 0.5992831541218638,
    "precision_class1": 0.5050215208034433,
    "recall_class1": 0.7096774193548387,
    "specificity_class0": 0.4888888888888889,
    "f1_class1": 0.5901089689857502,
    "auroc": 0.6664994026284349,
    "auprc": 0.6162002999354341,
    "brier_score": 0.2690151574710925,
    "mean_bce_loss": 0.7827544163259973,
    "confusion_matrix": {
      "tn": 330,
      "fp": 345,
      "fn": 144,
      "tp": 352
    }
  },
  "left_periocular": {
    "n": 1171,
    "class_counts": {
      "0": 675,
      "1": 496
    },
    "majority_baseline_accuracy": 0.5764304013663536,
    "accuracy": 0.5610589239965841,
    "balanced_accuracy": 0.563923237753883,
    "precision_class1": 0.4848993288590604,
    "recall_class1": 0.5826612903225806,
    "specificity_class0": 0.5451851851851852,
    "f1_class1": 0.5293040293040293,
    "auroc": 0.5935274790919952,
    "auprc": 0.4862508045663561,
    "brier_score": 0.26354390637793784,
    "mean_bce_loss": 0.7503300518311249,
    "confusion_matrix": {
      "tn": 368,
      "fp": 307,
      "fn": 207,
      "tp": 289
    }
  },
  "right_periocular": {
    "n": 1171,
    "class_counts": {
      "0": 675,
      "1": 496
    },
    "majority_baseline_accuracy": 0.5764304013663536,
    "accuracy": 0.5687446626814688,
    "balanced_accuracy": 0.6018667861409797,
    "precision_class1": 0.4945188794153471,
    "recall_class1": 0.8185483870967742,
    "specificity_class0": 0.3851851851851852,
    "f1_class1": 0.6165527714502657,
    "auroc": 0.6736648745519713,
    "auprc": 0.6057441866711386,
    "brier_score": 0.2635011792045889,
    "mean_bce_loss": 0.7410333955542755,
    "confusion_matrix": {
      "tn": 260,
      "fp": 415,
      "fn": 90,
      "tp": 406
    }
  },
  "nasal_midface": {
    "n": 1171,
    "class_counts": {
      "0": 675,
      "1": 496
    },
    "majority_baseline_accuracy": 0.5764304013663536,
    "accuracy": 0.5499573014517506,
    "balanced_accuracy": 0.5548282556750299,
    "precision_class1": 0.47471451876019577,
    "recall_class1": 0.5866935483870968,
    "specificity_class0": 0.522962962962963,
    "f1_class1": 0.5247971145175834,
    "auroc": 0.5787873357228195,
    "auprc": 0.4971574800454206,
    "brier_score": 0.2876583616497245,
    "mean_bce_loss": 0.8147027257934887,
    "confusion_matrix": {
      "tn": 353,
      "fp": 322,
      "fn": 205,
      "tp": 291
    }
  },
  "left_cheek_zygomatic": {
    "n": 1171,
    "class_counts": {
      "0": 675,
      "1": 496
    },
    "majority_baseline_accuracy": 0.5764304013663536,
    "accuracy": 0.5849701110162254,
    "balanced_accuracy": 0.5857332735961769,
    "precision_class1": 0.5086805555555556,
    "recall_class1": 0.5907258064516129,
    "specificity_class0": 0.5807407407407408,
    "f1_class1": 0.5466417910447762,
    "auroc": 0.6248118279569892,
    "auprc": 0.5892368309255787,
    "brier_score": 0.2772233800905376,
    "mean_bce_loss": 0.8213666752233296,
    "confusion_matrix": {
      "tn": 392,
      "fp": 283,
      "fn": 203,
      "tp": 293
    }
  },
  "right_cheek_zygomatic": {
    "n": 1171,
    "class_counts": {
      "0": 675,
      "1": 496
    },
    "majority_baseline_accuracy": 0.5764304013663536,
    "accuracy": 0.6763450042698548,
    "balanced_accuracy": 0.6551015531660693,
    "precision_class1": 0.6481012658227848,
    "recall_class1": 0.5161290322580645,
    "specificity_class0": 0.794074074074074,
    "f1_class1": 0.574635241301908,
    "auroc": 0.6988082437275986,
    "auprc": 0.6095099606301962,
    "brier_score": 0.22968466260594145,
    "mean_bce_loss": 0.7192677637562355,
    "confusion_matrix": {
      "tn": 536,
      "fp": 139,
      "fn": 240,
      "tp": 256
    }
  },
  "perioral_mouth": {
    "n": 1171,
    "class_counts": {
      "0": 675,
      "1": 496
    },
    "majority_baseline_accuracy": 0.5764304013663536,
    "accuracy": 0.5627668659265584,
    "balanced_accuracy": 0.5560483870967742,
    "precision_class1": 0.4847328244274809,
    "recall_class1": 0.5120967741935484,
    "specificity_class0": 0.6,
    "f1_class1": 0.4980392156862745,
    "auroc": 0.5576851851851852,
    "auprc": 0.5001306736104579,
    "brier_score": 0.2881598070373227,
    "mean_bce_loss": 0.876156805576268,
    "confusion_matrix": {
      "tn": 405,
      "fp": 270,
      "fn": 242,
      "tp": 254
    }
  },
  "chin_mandible": {
    "n": 1171,
    "class_counts": {
      "0": 675,
      "1": 496
    },
    "majority_baseline_accuracy": 0.5764304013663536,
    "accuracy": 0.6037574722459437,
    "balanced_accuracy": 0.5851881720430108,
    "precision_class1": 0.5373831775700935,
    "recall_class1": 0.4637096774193548,
    "specificity_class0": 0.7066666666666667,
    "f1_class1": 0.49783549783549785,
    "auroc": 0.6198387096774194,
    "auprc": 0.5519199502584213,
    "brier_score": 0.2708945477150433,
    "mean_bce_loss": 0.8024617668907743,
    "confusion_matrix": {
      "tn": 477,
      "fp": 198,
      "fn": 266,
      "tp": 230
    }
  }
}